{
  "data": {
    "training": {
      "size_boundaries": [
        250000,
        2000000,
        3750000,
        5500000,
        7250000,
        9000000,
        10750000,
        12500000,
        14250000,
        16000000
      ],
      "ratio_boundaries": [
        [
          0.2059721750933152,
          0.3866396761133603,
          0.584056399132321,
          0.7029643073200242,
          0.8144329896907216,
          0.9657342657342656,
          1.042089985486212,
          1.1239368165249088,
          1.2801302931596092,
          1.5449688334817453,
          3.6610800744878964
        ],
        [
          0.1565061475409836,
          0.5300077942322681,
          0.7004132231404959,
          0.7833333333333333,
          0.8742138364779874,
          1.0274841437632136,
          1.199421965317919,
          1.3308596165739024,
          1.4883427851291746,
          1.8168421052631576,
          5.359673024523161
        ],
        [
          0.24464831804281345,
          0.5249837767683323,
          0.5752183759301197,
          0.7977386934673367,
          0.9915,
          1.1552447552447551,
          1.6353651839648544,
          4.039553752535497
        ],
        [
          0.3389000222667557,
          0.935064935064935,
          2.8401988636363638
        ],
        [
          0.45875,
          0.7501444251877527,
          1.2942370129870129,
          2.185792349726776
        ],
        [
          0.4973684210526316,
          0.6119589692269202,
          0.7012820512820512,
          0.7637289043664612,
          0.9543269230769232,
          1.2499129829446571,
          1.3922009748781403,
          1.7777777777777777
        ],
        [
          0.5390254420008624,
          0.701,
          0.7509999999999999,
          0.8661690215942416,
          1.180234399746595,
          1.3321906067877958,
          1.4842300556586268
        ],
        [
          0.7191990577149587,
          0.80175,
          1.2496094970321774,
          1.9422850412249704
        ],
        [
          0.5783442007508398,
          2.5051503914297486
        ],
        [
          1.0
        ]
      ],
      "batch_sizes": [
        1,
        2,
        4,
        8,
        16,
        32,
        64,
        128
      ]
    },
    "validation": {
      "size_boundaries": [
        250000,
        2000000,
        3750000,
        5500000,
        7250000,
        9000000,
        10750000,
        12500000,
        14250000,
        16000000
      ],
      "ratio_boundaries": [
        [
          0.25263157894736843,
          0.5731907894736842,
          0.652073732718894,
          0.7257142857142858,
          0.8842857142857142,
          0.9643939393939394,
          1.1444921316165952,
          1.2091836734693877,
          1.3245033112582782,
          1.9715447154471544,
          3.4285714285714284
        ],
        [
          0.15375,
          0.4381833473507149,
          0.6501272264631043,
          0.806841046277666,
          0.960919540229885,
          1.153456998313659,
          1.2823529411764707,
          1.3333333333333333,
          1.4980392156862743,
          1.7783251231527093,
          2.657329598506069
        ],
        [
          0.32344213649851633,
          0.489,
          0.9402390438247012,
          1.0,
          1.2,
          1.4285714285714286,
          1.7253474520185308,
          2.178892215568862
        ],
        [
          0.4215584415584416,
          0.9688195991091314,
          2.0858416945373466
        ],
        [
          0.4735767168751596,
          0.7231905465288035,
          0.9626666666666668,
          1.8682858477347035
        ],
        [
          0.4973684210526316,
          0.5725,
          0.7029116207163102,
          0.7526910656620022,
          0.8845481049562682,
          1.200212992545261,
          1.419622641509434,
          1.762891141472014
        ],
        [
          0.4927813163481953,
          0.67375,
          0.75325,
          0.8793616445766838,
          1.0620753551575046,
          1.313257065948856,
          1.459321415541773
        ],
        [
          0.78225,
          0.831,
          1.0,
          1.2791813239526704
        ],
        [
          0.89175,
          1.0660300136425649
        ],
        [
          1.0,
          1.0
        ]
      ],
      "batch_sizes": [
        1,
        2,
        4,
        8,
        16,
        32,
        64,
        128
      ]
    }
  }
}